"Date","Account","Description","Check #","Category","Memo","Credit","Debit"
"05/17/2024","Associated Balanced Checking","Google","","Office Expenses/","","","-5.27"
"05/15/2024","Associated Balanced Checking","Capital One Credit Card","","Payments & Transfers/","","","-100.00"
"05/15/2024","Associated Balanced Checking","American Express","","Payments & Transfers/","","","-60.00"
"05/14/2024","Associated Balanced Checking","Spotify","","Entertainment/","","","-12.11"
"05/14/2024","Associated Balanced Checking","Petco","","Household/","","","-47.13"
"05/13/2024","Associated Balanced Checking","Capital One Credit Card","","Payments & Transfers/","","","-200.00"
"05/13/2024","Associated Balanced Checking","American Express","","Payments & Transfers/","","","-100.00"
"05/13/2024","Associated Balanced Checking","DISCOVER","","Payments & Transfers/","","","-60.00"
"05/13/2024","Associated Balanced Checking","Petco","","Household/","","","-9.99"
"05/13/2024","Associated Balanced Checking","Parkmobile","","Transportation/","","","-1.00"
"05/10/2024","Associated Balanced Checking","DEPT EDUCATION","","Loans & Mortgages/","","","-125.00"
"05/09/2024","Associated Balanced Checking","American Express","","Payments & Transfers/","","","-158.27"
"05/09/2024","Associated Balanced Checking","Capital One Credit Card","","Payments & Transfers/","","","-83.62"
"05/09/2024","Associated Balanced Checking","Chase Credit Card","","Payments & Transfers/","","","-59.45"
"05/07/2024","Associated Balanced Checking","Capital One Credit Card","","Payments & Transfers/","","","-250.00"
"05/07/2024","Associated Balanced Checking","Verizon Fios","","Utilities/","","","-167.50"
"05/07/2024","Associated Balanced Checking","Capital One Credit Card","","Payments & Transfers/","","","-25.00"
"05/07/2024","Associated Balanced Checking","iTunes","","Entertainment/","","1.00",""
"05/07/2024","Associated Balanced Checking","BRANDT INFORMATI PAYROLL  TURCHIK  MARK JAMES","","Paycheck, Pensions & Annuity/","","2833.69",""
"05/06/2024","Associated Balanced Checking","American Express","","Payments & Transfers/","","","-100.00"
"05/06/2024","Associated Balanced Checking","DISCOVER","","Payments & Transfers/","","","-60.00"
"05/06/2024","Associated Balanced Checking","American Express","","Payments & Transfers/","","","-51.52"
"05/06/2024","Associated Balanced Checking","Capital One Credit Card","","Payments & Transfers/","","","-40.00"
"05/06/2024","Associated Balanced Checking","Amazon Prime","","Shopping/","","","-7.51"
"05/06/2024","Associated Balanced Checking","Parkmobile","","Transportation/","","","-1.00"
"05/03/2024","Associated Balanced Checking","INSPIRE A RENT  MARK TURCHIK","","Household/","","","-1638.27"
"05/03/2024","Associated Balanced Checking","BLACK TREE GAMING LIMITED IAT PAYPAL MARK TURCHIK","","Payments & Transfers/","","","-6.52"
"05/02/2024","Associated Balanced Checking","American Express","","Payments & Transfers/","","","-40.79"
"05/02/2024","Associated Balanced Checking","JERSEY MIK","","Dining/","","","-13.70"
"05/01/2024","Associated Balanced Checking","CARDMEMBER SERV  WEB PYMT","","Payments & Transfers/","","","-144.00"
"04/30/2024","Associated Balanced Checking","Bridgecrest","","Loans & Mortgages/","","","-425.00"
"04/30/2024","Associated Balanced Checking","FPL NORTHWEST FL ELEC PYMTS  MARK TURCHIK","","Payments & Transfers/","","","-126.04"
"04/30/2024","Associated Balanced Checking","MEDIAMONAR","","Entertainment/","","","-5.00"
"04/29/2024","Associated Balanced Checking","Chase Credit Card","","Payments & Transfers/","","","-403.45"
"04/29/2024","Associated Balanced Checking","Capital One Credit Card","","Payments & Transfers/","","","-179.11"
"04/29/2024","Associated Balanced Checking","MAKUNA","","Groceries/","","","-29.65"
"04/29/2024","Associated Balanced Checking","Walgreens","","Health & Lifestyle/","","","-17.18"
"04/29/2024","Associated Balanced Checking","COLETT","","Dining/","","","-12.14"
"04/29/2024","Associated Balanced Checking","Publix","","Groceries/","","","-41.37"
"04/29/2024","Associated Balanced Checking","THE PR","","Groceries/","","","-37.26"
"04/29/2024","Associated Balanced Checking","Parkmobile","","Transportation/","","","-0.25"
"04/26/2024","Associated Balanced Checking","BLIZZA","","Entertainment/","","","-14.99"
"04/26/2024","Associated Balanced Checking","Publix","","Groceries/","","","-27.77"
"04/26/2024","Associated Balanced Checking","COFFEE GUY","","Dining/","","","-22.21"
"04/25/2024","Associated Balanced Checking","Capital One Credit Card","","Payments & Transfers/","","","-125.00"
"04/25/2024","Associated Balanced Checking","Petco","","Household/","","","-15.74"
"04/24/2024","Associated Balanced Checking","Google","","Office Expenses/","","","-4.19"
"04/23/2024","Associated Balanced Checking","BRANDT INFORMATI PAYROLL  TURCHIK  MARK JAMES","","Paycheck, Pensions & Annuity/","","2833.69",""
"04/22/2024","Associated Balanced Checking","Chase Credit Card","","Payments & Transfers/","","","-300.00"
"04/22/2024","Associated Balanced Checking","DISCOVER","","Payments & Transfers/","","","-200.00"
"04/22/2024","Associated Balanced Checking","WEB FR DDA TO SAV  CONFIRMATION","","Savings & Investments/","","","-125.00"
"04/22/2024","Associated Balanced Checking","MOBAY","","Dining/","","","-24.65"
"04/22/2024","Associated Balanced Checking","THE PR","","Groceries/","","","-32.08"
"04/22/2024","Associated Balanced Checking","SQ * ALL AB","","Dining/","","","-12.11"
"04/22/2024","Associated Balanced Checking","TACOS","","Dining/","","","-39.11"
"04/22/2024","Associated Balanced Checking","Parkmobile","","Transportation/","","","-15.25"
"04/22/2024","Associated Balanced Checking","BON BE","","Dining/","","","-12.29"
"04/22/2024","Associated Balanced Checking","BON BE","","Dining/","","","-20.88"
"04/22/2024","Associated Balanced Checking","CASHORCHECK","","Deposits/","","195.73",""
"04/19/2024","Associated Balanced Checking","JERSEY MIK","","Dining/","","","-7.83"
"04/19/2024","Associated Balanced Checking","SUPERB","","Dining/","","","-13.42"
"04/18/2024","Associated Balanced Checking","Capital One Credit Card","","Payments & Transfers/","","","-300.00"
"04/18/2024","Associated Balanced Checking","THE D","","Dining/","","","-24.06"
"04/17/2024","Associated Balanced Checking","iTunes","","Entertainment/","","","-2.99"
"04/17/2024","Associated Balanced Checking","Google","","Office Expenses/","","","-5.27"
"04/17/2024","Associated Balanced Checking","CITY OF PE","","Taxes & Authorities/","","","-28.50"
"04/16/2024","Associated Balanced Checking","Capital One Credit Card","","Payments & Transfers/","","","-200.00"
"04/16/2024","Associated Balanced Checking","WEB FR DDA TO SAV  CONFIRMATION","","Savings & Investments/","","","-250.00"
"04/16/2024","Associated Balanced Checking","BON BE","","Dining/","","","-15.20"
"04/15/2024","Associated Balanced Checking","DISCOVER","","Payments & Transfers/","","","-94.00"
"04/15/2024","Associated Balanced Checking","Petco","","Household/","","","-9.99"
"04/15/2024","Associated Balanced Checking","SQ * ALL AB","","Dining/","","","-12.25"
"04/15/2024","Associated Balanced Checking","Parkmobile","","Transportation/","","","-2.75"
"04/15/2024","Associated Balanced Checking","SUPERB","","Dining/","","","-13.43"
"04/15/2024","Associated Balanced Checking","Spotify","","Entertainment/","","","-12.11"
"04/15/2024","Associated Balanced Checking","MAKUNA","","Groceries/","","","-31.86"
"04/15/2024","Associated Balanced Checking","KNEADY","","Groceries/","","","-12.00"
"04/15/2024","Associated Balanced Checking","THE PR","","Groceries/","","","-31.57"
"04/15/2024","Associated Balanced Checking","Google","","Entertainment/","","","-14.76"
"04/15/2024","Associated Balanced Checking","BLIZZA","","Entertainment/","","","-10.00"
"04/12/2024","Associated Balanced Checking","Paypal","","Payments & Transfers/","","","-208.47"
"04/12/2024","Associated Balanced Checking","Slim Chickens","","Dining/","","","-12.03"
"04/12/2024","Associated Balanced Checking","SUPERB","","Dining/","","","-15.44"
"04/12/2024","Associated Balanced Checking","Publix","","Groceries/","","","-81.66"
"04/11/2024","Associated Balanced Checking","Chase Credit Card","","Payments & Transfers/","","","-454.86"
"04/10/2024","Associated Balanced Checking","DEPT EDUCATION","","Loans & Mortgages/","","","-100.00"
"04/10/2024","Associated Balanced Checking","JORDAN","","Dining/","","","-40.44"
"04/09/2024","Associated Balanced Checking","Verizon Fios","","Utilities/","","","-167.60"
"04/09/2024","Associated Balanced Checking","DISCOVER","","Payments & Transfers/","","","-100.00"
"04/09/2024","Associated Balanced Checking","Capital One Credit Card","","Payments & Transfers/","","","-100.00"
"04/09/2024","Associated Balanced Checking","BRANDT INFORMATI PAYROLL  TURCHIK  MARK JAMES","","Paycheck, Pensions & Annuity/","","2833.69",""
"04/08/2024","Associated Balanced Checking","Capital One Credit Card","","Payments & Transfers/","","","-25.00"
"04/08/2024","Associated Balanced Checking","BON BE","","Dining/","","","-14.52"
"04/08/2024","Associated Balanced Checking","THE PR","","Groceries/","","","-40.36"
"04/08/2024","Associated Balanced Checking","MELT FOOD","","Dining/","","","-32.59"
"04/08/2024","Associated Balanced Checking","SQ * TIN CA","","Dining/","","","-13.90"
"04/05/2024","Associated Balanced Checking","Capital One Credit Card","","Payments & Transfers/","","","-267.60"
"04/05/2024","Associated Balanced Checking","Amazon Prime","","Shopping/","","","-7.51"
"04/05/2024","Associated Balanced Checking","FOSKO","","Dining/","","","-9.26"
"04/05/2024","Associated Balanced Checking","FOSKO","","Dining/","","","-30.43"
"04/03/2024","Associated Balanced Checking","INSPIRE A RENT  MARK TURCHIK","","Household/","","","-1625.22"
"04/03/2024","Associated Balanced Checking","Publix","","Groceries/","","","-28.41"
"04/03/2024","Associated Balanced Checking","JERSEY MIK","","Dining/","","","-15.70"
"04/02/2024","Associated Balanced Checking","FPL NORTHWEST FL ELEC PYMTS  MARK TURCHIK","","Payments & Transfers/","","","-123.25"
"04/02/2024","Associated Balanced Checking","EVERMAN CO","","Groceries/","","","-31.74"
"04/01/2024","Associated Balanced Checking","Bridgecrest","","Loans & Mortgages/","","","-425.00"
"04/01/2024","Associated Balanced Checking","MEDIAMONAR","","Entertainment/","","","-5.00"
"04/01/2024","Associated Balanced Checking","MAKUNA","","Groceries/","","","-31.86"
"04/01/2024","Associated Balanced Checking","THE PR","","Groceries/","","","-40.36"
"04/01/2024","Associated Balanced Checking","TACOS","","Dining/","","","-38.40"
"04/01/2024","Associated Balanced Checking","CITY PARKI","","Transportation/","","","-0.66"
"04/01/2024","Associated Balanced Checking","SECOND","","Dining/","","","-15.34"
"03/29/2024","Associated Balanced Checking","FRONTE","","Dining/","","","-22.65"
"03/29/2024","Associated Balanced Checking","Publix","","Groceries/","","","-52.79"
"03/28/2024","Associated Balanced Checking","Chase Credit Card","","Payments & Transfers/","","","-714.04"
"03/28/2024","Associated Balanced Checking","Capital One Credit Card","","Payments & Transfers/","","","-267.60"
"03/28/2024","Associated Balanced Checking","Petco","","Household/","","","-42.01"
"03/28/2024","Associated Balanced Checking","BON BE","","Dining/","","","-15.50"
"03/27/2024","Associated Balanced Checking","Publix","","Groceries/","","","-17.25"
"03/26/2024","Associated Balanced Checking","BLIZZA","","Entertainment/","","","-14.99"
"03/26/2024","Associated Balanced Checking","BRANDT INFORMATI PAYROLL  TURCHIK  MARK JAMES","","Paycheck, Pensions & Annuity/","","2833.69",""
"03/25/2024","Associated Balanced Checking","Chase Credit Card","","Payments & Transfers/","","","-300.00"
"03/25/2024","Associated Balanced Checking","Google","","Office Expenses/","","","-4.19"
"03/25/2024","Associated Balanced Checking","THE PR","","Groceries/","","","-40.36"
"03/25/2024","Associated Balanced Checking","Publix","","Groceries/","","","-64.57"
"03/22/2024","Associated Balanced Checking","DADGUM","","Dining/","","","-32.50"
"03/22/2024","Associated Balanced Checking","BON BE","","Dining/","","","-20.09"
"03/21/2024","Associated Balanced Checking","RaceWay","","Transportation/","","","-29.82"
"03/20/2024","Associated Balanced Checking","WEB FR DDA TO SAV  CONFIRMATION","","Savings & Investments/","","","-125.00"
"03/20/2024","Associated Balanced Checking","FRONTE","","Dining/","","","-25.16"
"03/20/2024","Associated Balanced Checking","Publix","","Groceries/","","","-42.78"
"03/20/2024","Associated Balanced Checking","BON BE","","Dining/","","","-8.47"
"03/18/2024","Associated Balanced Checking","Capital One Credit Card","","Payments & Transfers/","","","-500.00"
"03/18/2024","Associated Balanced Checking","Paypal","","Payments & Transfers/","","","-379.53"
"03/18/2024","Associated Balanced Checking","iTunes","","Entertainment/","","","-2.99"
"03/18/2024","Associated Balanced Checking","BON BE","","Dining/","","","-20.59"
"03/18/2024","Associated Balanced Checking","Google","","Office Expenses/","","","-5.27"
"03/18/2024","Associated Balanced Checking","Publix","","Groceries/","","","-85.33"
"03/18/2024","Associated Balanced Checking","MAKUNA","","Groceries/","","","-30.94"
"03/18/2024","Associated Balanced Checking","SQ * ALL AB","","Dining/","","","-8.29"
"03/18/2024","Associated Balanced Checking","MAKER","","Dining/","","","-13.44"
"03/18/2024","Associated Balanced Checking","THE PR","","Groceries/","","","-40.36"
"03/18/2024","Associated Balanced Checking","CITY PARKI","","Transportation/","","","-0.66"
"03/18/2024","Associated Balanced Checking","BON BE","","Dining/","","","-16.11"
"03/15/2024","Associated Balanced Checking","BON BE","","Dining/","","","-10.07"
"03/15/2024","Associated Balanced Checking","BON BE","","Dining/","","","-20.09"
"03/14/2024","Associated Balanced Checking","Spotify","","Entertainment/","","","-12.11"
"03/14/2024","Associated Balanced Checking","Publix","","Groceries/","","","-72.00"
"03/14/2024","Associated Balanced Checking","LITTLE","","Health & Lifestyle/","","","-102.00"
"03/13/2024","Associated Balanced Checking","DISCOVER","","Payments & Transfers/","","","-198.00"
"03/13/2024","Associated Balanced Checking","Petco","","Household/","","","-9.99"
"03/13/2024","Associated Balanced Checking","Google","","Entertainment/","","","-14.76"
"03/13/2024","Associated Balanced Checking","MRS J","","Groceries/","","","-22.76"
"03/13/2024","Associated Balanced Checking","BRANDT INFORMATI PAYROLL  TURCHIK  MARK JAMES","","Paycheck, Pensions & Annuity/","","5156.25",""
"03/12/2024","Associated Balanced Checking","Progressive","","Insurance/","","","-611.55"
"03/12/2024","Associated Balanced Checking","Publix","","Groceries/","","","-47.27"
"03/11/2024","Associated Balanced Checking","DEPT EDUCATION","","Loans & Mortgages/","","","-100.00"
"03/11/2024","Associated Balanced Checking","Publix","","Groceries/","","","-144.61"
"03/11/2024","Associated Balanced Checking","TACOS","","Dining/","","","-35.64"
"03/11/2024","Associated Balanced Checking","MAKER","","Dining/","","","-19.03"
"03/11/2024","Associated Balanced Checking","CITY PARKI","","Transportation/","","","-0.66"
"03/11/2024","Associated Balanced Checking","THE PR","","Groceries/","","","-40.36"
"03/11/2024","Associated Balanced Checking","Moe's Southwest Grill","","Dining/","","","-24.46"
"03/11/2024","Associated Balanced Checking","THE D","","Dining/","","","-7.42"
"03/11/2024","Associated Balanced Checking","RaceWay","","Transportation/","","","-54.30"
"03/08/2024","Associated Balanced Checking","LASTPASS . C","","Other/","","","-37.80"
"03/08/2024","Associated Balanced Checking","Publix","","Groceries/","","","-26.51"
"03/08/2024","Associated Balanced Checking","BON BE","","Dining/","","","-13.62"
"03/07/2024","Associated Balanced Checking","Verizon Fios","","Utilities/","","","-167.60"
"03/07/2024","Associated Balanced Checking","Capital One Credit Card","","Payments & Transfers/","","","-25.00"
"03/07/2024","Associated Balanced Checking","COFFEE GUY","","Dining/","","","-16.63"
"03/06/2024","Associated Balanced Checking","FRONTE","","Dining/","","","-23.57"
"03/06/2024","Associated Balanced Checking","Publix","","Groceries/","","","-73.03"
"03/05/2024","Associated Balanced Checking","INSPIRE A RENT  MARK TURCHIK","","Household/","","","-1631.70"
"03/05/2024","Associated Balanced Checking","Amazon Prime","","Shopping/","","","-7.51"
"03/05/2024","Associated Balanced Checking","COFFEE GUY","","Dining/","","","-21.06"
"03/04/2024","Associated Balanced Checking","FPL NORTHWEST FL ELEC PYMTS  MARK TURCHIK","","Payments & Transfers/","","","-109.12"
"03/04/2024","Associated Balanced Checking","Publix","","Groceries/","","","-160.02"
"03/04/2024","Associated Balanced Checking","OUT OF NETWORK ATM","","Fees & Charges/","","","-3.50"
"03/04/2024","Associated Balanced Checking","Publix","","Withdrawals/","","","-42.95"
"03/04/2024","Associated Balanced Checking","BON BE","","Dining/","","","-19.03"
"03/04/2024","Associated Balanced Checking","CALAVERA T","","Dining/","","","-30.00"
"03/04/2024","Associated Balanced Checking","SQ * ALL AB","","Dining/","","","-8.16"
"03/04/2024","Associated Balanced Checking","CITY PARKI","","Transportation/","","","-0.66"
"03/04/2024","Associated Balanced Checking","BON BE","","Dining/","","","-19.58"
"03/01/2024","Associated Balanced Checking","MEDIAMONAR","","Entertainment/","","","-5.00"
"03/01/2024","Associated Balanced Checking","SUPERB","","Dining/","","","-14.82"
"03/01/2024","Associated Balanced Checking","ECO CAR WA","","Transportation/","","","-25.00"
"03/01/2024","Associated Balanced Checking","COFFEE GUY","","Dining/","","","-13.28"
"02/29/2024","Associated Balanced Checking","Chase Credit Card","","Payments & Transfers/","","","-685.38"
"02/29/2024","Associated Balanced Checking","Paypal","","Payments & Transfers/","","","-144.66"
"02/29/2024","Associated Balanced Checking","FRONTE","","Dining/","","","-22.65"
"02/29/2024","Associated Balanced Checking","Publix","","Groceries/","","","-58.34"
"02/28/2024","Associated Balanced Checking","Gnc","","Groceries/","","","-59.99"
"02/28/2024","Associated Balanced Checking","Walgreens","","Health & Lifestyle/","","","-9.13"
"02/28/2024","Associated Balanced Checking","COFFEE GUY","","Dining/","","","-7.15"
"02/28/2024","Associated Balanced Checking","H&R Block","","Payments & Transfers/","","2738.00",""
"02/27/2024","Associated Balanced Checking","Publix","","Groceries/","","","-70.48"
"02/27/2024","Associated Balanced Checking","BRANDT INFORMATI PAYROLL  TURCHIK  MARK JAMES","","Paycheck, Pensions & Annuity/","","2519.26",""
"02/26/2024","Associated Balanced Checking","BLIZZA","","Entertainment/","","","-14.99"
"02/26/2024","Associated Balanced Checking","TACOS","","Dining/","","","-33.07"
"02/26/2024","Associated Balanced Checking","Publix","","Groceries/","","","-63.52"
"02/26/2024","Associated Balanced Checking","THE PR","","Groceries/","","","-26.91"
"02/26/2024","Associated Balanced Checking","Google","","Office Expenses/","","","-4.19"
"02/26/2024","Associated Balanced Checking","ZAP S","","Dining/","","","-32.00"
"02/23/2024","Associated Balanced Checking","BON BE","","Dining/","","","-15.47"
"02/23/2024","Associated Balanced Checking","WSDOT GOOD","","Transportation/","","","-13.50"
"02/22/2024","Associated Balanced Checking","EVERMAN CO","","Groceries/","","","-31.15"
"02/22/2024","Associated Balanced Checking","CSC ServiceWorks","","Office Expenses/","","","-2.50"
"02/22/2024","Associated Balanced Checking","COFFEE GUY","","Dining/","","","-18.27"
"02/21/2024","Associated Balanced Checking","Walgreens","","Health & Lifestyle/","","","-7.14"
"02/21/2024","Associated Balanced Checking","NIC MYDMVP","","Taxes & Authorities/","","","-27.00"
"02/20/2024","Associated Balanced Checking","CARVANA COM","","Payments & Transfers/","","","-3000.00"
"02/20/2024","Associated Balanced Checking","RESUMEGENI","","Shopping/","","","-3.00"
"02/20/2024","Associated Balanced Checking","iTunes","","Entertainment/","","","-2.99"
"02/20/2024","Associated Balanced Checking","WEB FR DDA TO SAV  CONFIRMATION","","Savings & Investments/","","","-125.00"
"02/20/2024","Associated Balanced Checking","Publix","","Groceries/","","","-53.31"
"02/20/2024","Associated Balanced Checking","Walgreens","","Health & Lifestyle/","","","-24.00"
"02/20/2024","Associated Balanced Checking","Petco","","Household/","","","-17.27"
"02/20/2024","Associated Balanced Checking","OREILLY 5","","Transportation/","","","-8.59"
"02/20/2024","Associated Balanced Checking","SQ * ALL AB","","Dining/","","","-8.29"
"02/20/2024","Associated Balanced Checking","KNEADY","","Groceries/","","","-3.00"
"02/20/2024","Associated Balanced Checking","DE LUN","","Shopping/","","","-5.00"
"02/20/2024","Associated Balanced Checking","THE PR","","Groceries/","","","-26.91"
"02/20/2024","Associated Balanced Checking","Google","","Office Expenses/","","","-5.27"
"02/20/2024","Associated Balanced Checking","BON BE","","Dining/","","","-14.00"
"02/20/2024","Associated Balanced Checking","BON BE","","Dining/","","","-12.76"
"02/20/2024","Associated Balanced Checking","ZELLE FROM MADISON RAMLOW","","Payments & Transfers/","","3000.00",""
"02/16/2024","Associated Balanced Checking","Chase Credit Card","","Payments & Transfers/","","","-204.00"
"02/16/2024","Associated Balanced Checking","Publix","","Groceries/","","","-54.84"
"02/16/2024","Associated Balanced Checking","MAYNAR","","Groceries/","","","-2.96"
"02/16/2024","Associated Balanced Checking","MAYNAR","","Groceries/","","","-9.02"
"02/16/2024","Associated Balanced Checking","COFFEE GUY","","Dining/","","","-27.41"
"02/15/2024","Associated Balanced Checking","RICHS CW","","Transportation/","","","-40.00"
"02/14/2024","Associated Balanced Checking","WEB FR DDA TO SAV  CONFIRMATION","","Savings & Investments/","","","-600.00"
"02/14/2024","Associated Balanced Checking","Spotify","","Entertainment/","","","-12.11"
"02/14/2024","Associated Balanced Checking","Target","","Groceries/","","","-10.44"
"02/14/2024","Associated Balanced Checking","MRS J","","Groceries/","","","-27.21"
"02/13/2024","Associated Balanced Checking","Progressive","","Insurance/","","","-615.00"
"02/13/2024","Associated Balanced Checking","DISCOVER","","Payments & Transfers/","","","-202.00"
"02/13/2024","Associated Balanced Checking","Petco","","Household/","","","-9.99"
"02/13/2024","Associated Balanced Checking","Google","","Entertainment/","","","-14.76"
"02/13/2024","Associated Balanced Checking","FRONTE","","Dining/","","","-25.86"
"02/13/2024","Associated Balanced Checking","WEB TO DDA FR SAV  CONFIRMATION","","Savings & Investments/","","200.00",""
"02/13/2024","Associated Balanced Checking","BRANDT INFORMATI PAYROLL  TURCHIK  MARK JAMES","","Paycheck, Pensions & Annuity/","","2519.26",""
"02/12/2024","Associated Balanced Checking","DEPT EDUCATION","","Loans & Mortgages/","","","-75.00"
"02/12/2024","Associated Balanced Checking","Publix","","Groceries/","","","-76.43"
"02/12/2024","Associated Balanced Checking","Petco","","Household/","","","-68.50"
"02/12/2024","Associated Balanced Checking","Love's Travel Stops & Country","","Transportation/","","","-27.18"
"02/12/2024","Associated Balanced Checking","Buc-ee's","","Transportation/","","","-7.92"
"02/12/2024","Associated Balanced Checking","Chick-fil-A","","Dining/","","","-18.40"
"02/12/2024","Associated Balanced Checking","Culver's","","Dining/","","","-36.93"
"02/12/2024","Associated Balanced Checking","Love's Travel Stops & Country","","Transportation/","","","-32.70"
"02/12/2024","Associated Balanced Checking","ROYAL","","Dining/","","","-32.05"
"02/12/2024","Associated Balanced Checking","Meijer","","Groceries/","","","-73.03"
"02/12/2024","Associated Balanced Checking","MELGES CAR","","Transportation/","","","-18.00"
"02/12/2024","Associated Balanced Checking","Meijer","","Groceries/","","","-9.17"
"02/09/2024","Associated Balanced Checking","Steam","","Entertainment/","","","-21.32"
"02/09/2024","Associated Balanced Checking","Starbucks","","Dining/","","","-20.00"
"02/08/2024","Associated Balanced Checking","Kwik Trip","","Transportation/","","","-22.01"
"02/07/2024","Associated Balanced Checking","Verizon Fios","","Utilities/","","","-167.60"
"02/07/2024","Associated Balanced Checking","Capital One Credit Card","","Payments & Transfers/","","","-25.00"
"02/07/2024","Associated Balanced Checking","KOPPS ON","","Dining/","","","-36.02"
"02/07/2024","Associated Balanced Checking","DMV","","Taxes & Authorities/","","","-25.50"
"02/07/2024","Associated Balanced Checking","COPILO","","Dining/","","","-18.26"
"02/07/2024","Associated Balanced Checking","Kwik Trip","","Transportation/","","","-12.00"
"02/07/2024","Associated Balanced Checking","WEB TO DDA FR SAV  CONFIRMATION","","Savings & Investments/","","360.00",""
"02/06/2024","Associated Balanced Checking","Walgreens","","Health & Lifestyle/","","","-26.74"
"02/06/2024","Associated Balanced Checking","NOODLES &","","Dining/","","","-43.54"
"02/06/2024","Associated Balanced Checking","Steam","","Entertainment/","","","-19.02"
"02/05/2024","Associated Balanced Checking","INSPIRE A RENT  MARK TURCHIK","","Household/","","","-1633.04"
"02/05/2024","Associated Balanced Checking","Amazon Prime","","Shopping/","","","-7.51"
"02/05/2024","Associated Balanced Checking","Kwik Trip","","Transportation/","","","-3.62"
"02/05/2024","Associated Balanced Checking","Kwik Trip","","Transportation/","","","-13.23"
"02/05/2024","Associated Balanced Checking","Kwik Trip","","Transportation/","","","-16.66"
"02/05/2024","Associated Balanced Checking","Jimmy John's","","Dining/","","","-27.62"
"02/05/2024","Associated Balanced Checking","GRAHAMS","","Transportation/","","","-6.28"
"02/05/2024","Associated Balanced Checking","GRAHAMS","","Transportation/","","","-17.20"
"02/05/2024","Associated Balanced Checking","COFFEE CUP","","Transportation/","","","-19.66"
"02/05/2024","Associated Balanced Checking","COFFEE CUP","","Transportation/","","","-14.05"
"02/05/2024","Associated Balanced Checking","Caribou Coffee","","Dining/","","","-12.07"
"02/05/2024","Associated Balanced Checking","Starbucks","","Dining/","","","-20.00"
"02/05/2024","Associated Balanced Checking","Safeway","","Transportation/","","","-30.18"
"02/05/2024","Associated Balanced Checking","Love's Travel Stops & Country","","Transportation/","","","-23.25"
"02/05/2024","Associated Balanced Checking","Starbucks","","Dining/","","","-20.00"
"02/05/2024","Associated Balanced Checking","Avon","","Health & Lifestyle/","","","-43.50"
"02/05/2024","Associated Balanced Checking","McDonald's","","Dining/","","","-7.20"
"02/05/2024","Associated Balanced Checking","WSFERRIES","","Transportation/","","","-17.90"
"02/05/2024","Associated Balanced Checking","THE M","","Dining/","","","-50.00"
"02/05/2024","Associated Balanced Checking","WSF GALLEY","","Dining/","","","-10.20"
"02/05/2024","Associated Balanced Checking","WSFERRIES","","Transportation/","","","-27.75"
"02/02/2024","Associated Balanced Checking","Conoco","","Transportation/","","","-15.44"
"02/02/2024","Associated Balanced Checking","Love's Travel Stops & Country","","Transportation/","","","-26.75"
"02/02/2024","Associated Balanced Checking","SUPERIOR D","","Other/","","","-34.00"
"02/02/2024","Associated Balanced Checking","THE GONDOL","","Other/","","","-9.56"
"02/02/2024","Associated Balanced Checking","McDonald's","","Dining/","","","-21.52"
"02/02/2024","Associated Balanced Checking","Love's Travel Stops & Country","","Transportation/","","","-28.63"
"02/02/2024","Associated Balanced Checking","BBK TEA","","Other/","","","-15.51"
"02/02/2024","Associated Balanced Checking","THE OR","","Other/","","","-41.23"
"02/02/2024","Associated Balanced Checking","SDOT PAYBY","","Other/","","","-5.00"
"02/02/2024","Associated Balanced Checking","Starbucks","","Dining/","","","-20.00"
"02/01/2024","Associated Balanced Checking","CARDMEMBER SERV  WEB PYMT","","Payments & Transfers/","","","-300.00"
"02/01/2024","Associated Balanced Checking","RENTER","","Insurance/","","","-48.31"
"02/01/2024","Associated Balanced Checking","Google","","Office Expenses/","","","-4.21"
"02/01/2024","Associated Balanced Checking","KIZUK","","Dining/","","","-56.92"
"02/01/2024","Associated Balanced Checking","ANIMAT","","Dining/","","","-11.04"
"02/01/2024","Associated Balanced Checking","UPTOWN","","Dining/","","","-5.53"
"02/01/2024","Associated Balanced Checking","LUNA","","Dining/","","","-44.44"
"02/01/2024","Associated Balanced Checking","Starbucks","","Dining/","","","-24.64"
"02/01/2024","Associated Balanced Checking","SDOT PAYBY","","Transportation/","","","-2.00"
"02/01/2024","Associated Balanced Checking","KANGA","","Dining/","","","-26.00"
"02/01/2024","Associated Balanced Checking","SDOT PAYBY","","Transportation/","","","-3.58"
"01/31/2024","Associated Balanced Checking","MEDIAMONAR","","Entertainment/","","","-5.00"
"01/31/2024","Associated Balanced Checking","CHUCKS AU","","Transportation/","","","-77.15"
"01/31/2024","Associated Balanced Checking","A LA M","","Groceries/","","","-10.35"
"01/31/2024","Associated Balanced Checking","CAFFE","","Dining/","","","-11.91"
"01/31/2024","Associated Balanced Checking","CAFE R","","Groceries/","","","-14.61"
"01/31/2024","Associated Balanced Checking","LES D","","Dining/","","","-24.10"
"01/30/2024","Associated Balanced Checking","Paypal","","Payments & Transfers/","","","-396.21"
"01/30/2024","Associated Balanced Checking","FPL NORTHWEST FL ELEC PYMTS  MARK TURCHIK","","Payments & Transfers/","","","-147.96"
"01/30/2024","Associated Balanced Checking","Love's Travel Stops & Country","","Transportation/","","","-28.58"
"01/30/2024","Associated Balanced Checking","TWO DO","","Dining/","","","-34.48"
"01/30/2024","Associated Balanced Checking","SIDEKI","","Dining/","","","-18.02"
"01/30/2024","Associated Balanced Checking","WESTLAKE T","","Transportation/","","","-15.00"
"01/30/2024","Associated Balanced Checking","ASEAN","","Dining/","","","-27.56"
"01/30/2024","Associated Balanced Checking","ASEAN","","Dining/","","","-28.21"
"01/30/2024","Associated Balanced Checking","Nordstrom","","Shopping/","","","-29.73"
"01/30/2024","Associated Balanced Checking","ARMIS","","Dining/","","","-21.39"
"01/30/2024","Associated Balanced Checking","Starbucks","","Dining/","","","-20.00"
"01/30/2024","Associated Balanced Checking","BRANDT INFORMATI PAYROLL  TURCHIK  MARK JAMES","","Paycheck, Pensions & Annuity/","","2519.26",""
"01/29/2024","Associated Balanced Checking","TWO DO","","Dining/","","","-51.60"
"01/29/2024","Associated Balanced Checking","Chevron","","Transportation/","","","-7.98"
"01/29/2024","Associated Balanced Checking","SHAKA","","Groceries/","","","-10.35"
"01/29/2024","Associated Balanced Checking","SHAKA","","Groceries/","","","-15.71"
"01/29/2024","Associated Balanced Checking","Love's Travel Stops & Country","","Transportation/","","","-8.13"
"01/29/2024","Associated Balanced Checking","Love's Travel Stops & Country","","Transportation/","","","-37.96"
"01/29/2024","Associated Balanced Checking","Safeway","","Groceries/","","","-17.16"
"01/29/2024","Associated Balanced Checking","Safeway","","Groceries/","","","-3.27"
"01/29/2024","Associated Balanced Checking","Pizza Hut","","Dining/","","","-30.00"
"01/29/2024","Associated Balanced Checking","Shell","","Transportation/","","","-6.48"
"01/29/2024","Associated Balanced Checking","Shell","","Transportation/","","","-29.29"
"01/29/2024","Associated Balanced Checking","Pilot Flying J","","Transportation/","","","-2.47"
"01/29/2024","Associated Balanced Checking","THE P","","Dining/","","","-32.56"
"01/29/2024","Associated Balanced Checking","MORGAN CAF","","Dining/","","","-22.11"
"01/29/2024","Associated Balanced Checking","RESORT RET","","Transportation/","","","-25.91"
"01/29/2024","Associated Balanced Checking","Pilot Flying J","","Transportation/","","","-19.22"
"01/29/2024","Associated Balanced Checking","Pilot Flying J","","Transportation/","","","-11.65"
"01/29/2024","Associated Balanced Checking","Maverik","","Transportation/","","","-2.79"
"01/29/2024","Associated Balanced Checking","Shell","","Transportation/","","","-13.79"
"01/29/2024","Associated Balanced Checking","NORI JAPAN","","Dining/","","","-20.90"
"01/29/2024","Associated Balanced Checking","Safeway","","Transportation/","","","-23.74"
"01/29/2024","Associated Balanced Checking","PERKATORY","","Dining/","","","-48.00"
"01/29/2024","Associated Balanced Checking","Starbucks","","Dining/","","","-20.00"
"01/26/2024","Associated Balanced Checking","BLIZZA","","Entertainment/","","","-14.99"
"01/26/2024","Associated Balanced Checking","Safeway","","Groceries/","","","-16.57"
"01/26/2024","Associated Balanced Checking","McDonald's","","Dining/","","","-18.80"
"01/26/2024","Associated Balanced Checking","Love's Travel Stops & Country","","Transportation/","","","-12.17"
"01/26/2024","Associated Balanced Checking","Love's Travel Stops & Country","","Transportation/","","","-9.43"
"01/26/2024","Associated Balanced Checking","Love's Travel Stops & Country","","Transportation/","","","-4.01"
"01/26/2024","Associated Balanced Checking","Allsups","","Transportation/","","","-16.61"
"01/26/2024","Associated Balanced Checking","Love's Travel Stops & Country","","Transportation/","","","-2.37"
"01/26/2024","Associated Balanced Checking","JOE PI","","Dining/","","","-14.59"
"01/26/2024","Associated Balanced Checking","Arby's","","Dining/","","","-4.17"
"01/26/2024","Associated Balanced Checking","Circle K","","Groceries/","","","-2.25"
"01/26/2024","Associated Balanced Checking","Circle K","","Transportation/","","","-8.13"
"01/25/2024","Associated Balanced Checking","Love's Travel Stops & Country","","Transportation/","","","-21.07"
"01/25/2024","Associated Balanced Checking","PITTS MART","","Transportation/","","","-26.03"
"01/25/2024","Associated Balanced Checking","R & R BAKERY","","Dining/","","","-4.48"
"01/25/2024","Associated Balanced Checking","Love's Travel Stops & Country","","Transportation/","","","-29.60"
"01/25/2024","Associated Balanced Checking","Walmart","","Groceries/","","","-26.83"
"01/25/2024","Associated Balanced Checking","Publix","","Groceries/","","","-36.12"
"01/25/2024","Associated Balanced Checking","FOSKO","","Dining/","","","-5.18"
"01/25/2024","Associated Balanced Checking","PENSAC","","Health & Lifestyle/","","","-53.75"
"01/25/2024","Associated Balanced Checking","CITY PARKI","","Transportation/","","","-1.16"
"01/24/2024","Associated Balanced Checking","Google","","Office Expenses/","","","-4.19"
"01/24/2024","Associated Balanced Checking","BON BE","","Dining/","","","-13.40"
"01/23/2024","Associated Balanced Checking","FRONTE","","Dining/","","","-14.39"
"01/22/2024","Associated Balanced Checking","WEB FR DDA TO SAV  CONFIRMATION","","Savings & Investments/","","","-125.00"
"01/22/2024","Associated Balanced Checking","Publix","","Groceries/","","","-126.48"
"01/22/2024","Associated Balanced Checking","Publix","","Groceries/","","","-115.33"
"01/22/2024","Associated Balanced Checking","Circle K","","Transportation/","","","-28.85"
"01/22/2024","Associated Balanced Checking","OREILLY 5","","Transportation/","","","-78.44"
"01/22/2024","Associated Balanced Checking","TACOS","","Dining/","","","-38.58"
"01/19/2024","Associated Balanced Checking","Chase Credit Card","","Payments & Transfers/","","","-531.30"
"01/19/2024","Associated Balanced Checking","BON BE","","Dining/","","","-13.33"
"01/19/2024","Associated Balanced Checking","Circle K","","Groceries/","","","-5.82"
"01/18/2024","Associated Balanced Checking","Publix","","Groceries/","","","-51.55"
"01/18/2024","Associated Balanced Checking","I HEAR","","Dining/","","","-16.51"
"01/18/2024","Associated Balanced Checking","BON BE","","Dining/","","","-20.75"
"01/18/2024","Associated Balanced Checking","JERSEY MIK","","Dining/","","","-16.70"
"01/18/2024","Associated Balanced Checking","BRANDT INFORMATI PAYROLL  TURCHIK  MARK JAMES","","Paycheck, Pensions & Annuity/","","2593.11",""
"01/17/2024","Associated Balanced Checking","RESUMEGENI","","Shopping/","","","-3.00"
"01/17/2024","Associated Balanced Checking","iTunes","","Entertainment/","","","-2.99"
"01/17/2024","Associated Balanced Checking","Walgreens","","Health & Lifestyle/","","","-11.43"
"01/17/2024","Associated Balanced Checking","Google","","Office Expenses/","","","-5.27"
"01/17/2024","Associated Balanced Checking","BON BE","","Dining/","","","-15.64"
"01/17/2024","Associated Balanced Checking","COFFEE GUY","","Dining/","","","-15.70"
"01/16/2024","Associated Balanced Checking","DISCOVER","","Payments & Transfers/","","","-206.00"
"01/16/2024","Associated Balanced Checking","RICHS CW","","Transportation/","","","-10.00"
"01/16/2024","Associated Balanced Checking","Petco","","Household/","","","-9.99"
"01/16/2024","Associated Balanced Checking","FRONTE","","Dining/","","","-14.39"
"01/16/2024","Associated Balanced Checking","BATH & B","","Shopping/","","","-17.09"
"01/16/2024","Associated Balanced Checking","Google","","Office Expenses/","","","-2.10"
"01/16/2024","Associated Balanced Checking","Publix","","Groceries/","","","-64.67"
"01/16/2024","Associated Balanced Checking","Spotify","","Entertainment/","","","-12.11"
"01/16/2024","Associated Balanced Checking","Slim Chickens","","Dining/","","","-12.03"
"01/16/2024","Associated Balanced Checking","BON BE","","Dining/","","","-17.42"
"01/16/2024","Associated Balanced Checking","Publix","","Groceries/","","","-7.99"
"01/16/2024","Associated Balanced Checking","KILWINS PE","","Groceries/","","","-30.88"
"01/16/2024","Associated Balanced Checking","TACOS","","Dining/","","","-35.64"
"01/16/2024","Associated Balanced Checking","CITY PARKI","","Transportation/","","","-0.66"
"01/16/2024","Associated Balanced Checking","Publix","","Groceries/","","","-24.57"
"01/12/2024","Associated Balanced Checking","FRONTE","","Dining/","","","-17.04"
"01/12/2024","Associated Balanced Checking","Publix","","Groceries/","","","-51.01"
"01/11/2024","Associated Balanced Checking","Chick-fil-A","","Dining/","","","-31.29"
"01/10/2024","Associated Balanced Checking","DEPT EDUCATION","","Loans & Mortgages/","","","-75.00"
"01/10/2024","Associated Balanced Checking","BON BE","","Dining/","","","-8.47"
"01/09/2024","Associated Balanced Checking","Verizon Fios","","Utilities/","","","-167.56"
"01/09/2024","Associated Balanced Checking","Walgreens","","Health & Lifestyle/","","","-10.13"
"01/09/2024","Associated Balanced Checking","Publix","","Groceries/","","","-46.37"
"01/09/2024","Associated Balanced Checking","THE UPS ST","","Office Expenses/","","","-55.26"
"01/08/2024","Associated Balanced Checking","Capital One Credit Card","","Payments & Transfers/","","","-25.00"
"01/08/2024","Associated Balanced Checking","Google","","Office Expenses/","","","-2.10"
"01/08/2024","Associated Balanced Checking","Walmart","","Groceries/","","","-11.78"
"01/08/2024","Associated Balanced Checking","Gnc","","Groceries/","","","-73.12"
"01/08/2024","Associated Balanced Checking","FRONTE","","Dining/","","","-9.94"
"01/08/2024","Associated Balanced Checking","FOOD MART","","Transportation/","","","-25.38"
"01/08/2024","Associated Balanced Checking","BON BE","","Dining/","","","-14.01"
"01/08/2024","Associated Balanced Checking","CITY PARKI","","Transportation/","","","-1.16"
"01/08/2024","Associated Balanced Checking","THE PR","","Groceries/","","","-13.46"
"01/08/2024","Associated Balanced Checking","Publix","","Groceries/","","","-89.35"
"01/05/2024","Associated Balanced Checking","Amazon Prime","","Shopping/","","","-7.51"
"01/05/2024","Associated Balanced Checking","Petco","","Household/","","","-27.28"
"01/05/2024","Associated Balanced Checking","Publix","","Groceries/","","","-44.05"
"01/04/2024","Associated Balanced Checking","Publix","","Groceries/","","","-28.40"
"01/04/2024","Associated Balanced Checking","COFFEE GUY","","Dining/","","","-12.50"
"01/04/2024","Associated Balanced Checking","BRANDT INFORMATI PAYROLL  TURCHIK  MARK JAMES","","Paycheck, Pensions & Annuity/","","2593.11",""
"01/03/2024","Associated Balanced Checking","INSPIRE A RENT  MARK TURCHIK","","Household/","","","-1633.14"
"01/02/2024","Associated Balanced Checking","FPL NORTHWEST FL ELEC PYMTS  MARK TURCHIK","","Payments & Transfers/","","","-107.31"
"01/02/2024","Associated Balanced Checking","MEDIAMONAR","","Entertainment/","","","-5.00"
"01/02/2024","Associated Balanced Checking","RESUMEGENI","","Shopping/","","","-2.95"
"01/02/2024","Associated Balanced Checking","TACOS","","Dining/","","","-42.26"
"01/02/2024","Associated Balanced Checking","SUPERB","","Dining/","","","-16.45"
"01/02/2024","Associated Balanced Checking","THE D","","Dining/","","","-20.94"
